編號,土地位置,土地移轉面積平方公尺,使用分區或編定,權利人持分分母,權利人持分分子,移轉情形,地號
The serial number, land position,land shifting area square meter,the use zoning or compiles and checks,,,,land parcel
RPSNMLMKQHJGFKB78CB,龍新段,32.57,都市：住,100000,774,持分移轉,00860000
RPPNMLOKQHJGFFB18CB,忠孝段,26.00,都市：住,100000,1382,持分移轉,00620002
RPPNMLPKQHJGFKB78CB,龍新段,31.68,都市：住,100000,753,持分移轉,00860000
RPWNMLNKQHJGFBB38CB,洲際段,56.35,都市：住,10000,64,持分移轉,09380000
RPSNMLPKQHJGFCB28CB,鑫港尾段,31.37,都市：住,100000,722,持分移轉,03510000
RPSNMLOKQHJGFCB18CB,永春段,23.00,都市：住,100000,809,持分移轉,01050000
RPSNMLOKQHJGFCB18CB,永春段,1.38,都市：住,100000,46,持分移轉,01060004
RPSNMLPKQHJGFJB98CB,福平段,19.70,都市：商,100000,830,持分移轉,08730000
RPTNMLOKQHJGFBB18CB,東山段,19.69,都市：商,100000,565,持分移轉,02280000
RPRNMLPKQHJGFBB18DB,和平段,65.89,都市：住,1,1,全筆移轉,03320005
RPRNMLPKQHJGFBB18DB,和平段,25.60,都市：住,1000,50,持分移轉,03320010
RPRNMLPKQHJGFBB18DB,和平段,2.55,都市：住,1000,50,持分移轉,03370005
RPTNMLPKQHJGFBB38DB,和平段,69.74,都市：住,1,1,全筆移轉,03320009
RPTNMLPKQHJGFBB38DB,和平段,25.60,都市：住,1000,50,持分移轉,03320010
RPUNMLQKQHJGFCB58CB,惠民段,11.67,都市：其他:第六種新市政中心專用區,100000,291,持分移轉,00140000
RPTNMLPKQHJGFBB38DB,和平段,2.55,都市：住,1000,50,持分移轉,03370005
RPRNMLRKQHJGFFB68CB,興農段,18.75,都市：商,100000,554,持分移轉,06070000
RPTNMLRKQHJGFFB88CB,興農段,18.82,都市：商,100000,556,持分移轉,06070000
RPTNMLQKQHJGFCB48CB,惠民段,13.84,都市：其他:第六種新市政中心專用區,100000,345,持分移轉,00140000
RPPOMLQKQHJGFCB18CB,廣明段,24.99,都市：其他:第二種創新研發專用區,100000,925,持分移轉,08550000
RPSNMLRKQHJGFFB78CB,興農段,17.94,都市：商,100000,530,持分移轉,06070000
RPPNMLSKQHJGFBB18CB,景福段,3.08,都市：商,100000,145,持分移轉,01160000
RPPNMLSKQHJGFBB18CB,景福段,3.92,都市：商,100000,145,持分移轉,01170000
RPPNMLSKQHJGFBB18CB,景福段,3.69,都市：商,100000,145,持分移轉,01180000
RPPNMLSKQHJGFBB18CB,景福段,3.26,都市：商,100000,145,持分移轉,01190000
RPPNMLSKQHJGFBB18CB,景福段,3.37,都市：商,100000,145,持分移轉,01200000
RPPNMLSKQHJGFBB18CB,景福段,2.90,都市：商,100000,145,持分移轉,01210000
RPPNMLSKQHJGFBB18CB,景福段,2.90,都市：商,100000,145,持分移轉,01220000
RPPNMLSKQHJGFBB18CB,景福段,3.55,都市：商,100000,145,持分移轉,01230000
RPPNMLSKQHJGFBB18CB,景福段,3.22,都市：商,100000,145,持分移轉,01240000
RPRNMLTKQHJGFBB48CB,景福段,2.67,都市：商,100000,126,持分移轉,01160000
RPRNMLTKQHJGFBB48CB,景福段,3.40,都市：商,100000,126,持分移轉,01170000
RPRNMLTKQHJGFBB48CB,景福段,3.20,都市：商,100000,126,持分移轉,01180000
RPRNMLTKQHJGFBB48CB,景福段,2.84,都市：商,100000,126,持分移轉,01190000
RPRNMLTKQHJGFBB48CB,景福段,2.93,都市：商,100000,126,持分移轉,01200000
RPRNMLTKQHJGFBB48CB,景福段,2.52,都市：商,100000,126,持分移轉,01210000
RPRNMLTKQHJGFBB48CB,景福段,2.52,都市：商,100000,126,持分移轉,01220000
RPRNMLTKQHJGFBB48CB,景福段,3.09,都市：商,100000,126,持分移轉,01230000
RPRNMLTKQHJGFBB48CB,景福段,2.80,都市：商,100000,126,持分移轉,01240000
RPXNMLTKQHJGFBB09CB,碧柳段,7.38,都市：商,100000,77,持分移轉,00020000
RPWOMLTKQHJGFBB09CB,東山段,16.69,都市：商,100000,479,持分移轉,02280000
RPOOMLTKQHJGFBB28CB,碧柳段,9.00,都市：商,100000,94,持分移轉,00020000
RPUNMLTKQHJGFBB78CB,仁平段,33.99,都市：住,100000,2222,持分移轉,04870000
RPVOMLTKQHJGFBB98CB,碧柳段,22.59,都市：住,100000,512,持分移轉,02150000
RPQNMLTKQHJGFCB48CB,豐富段,23.30,都市：住,100000,2550,持分移轉,02070000
RPXOMLTKQHJGFFB96CB,正義段,37.18,都市：住,1000000,15576,持分移轉,14910000
RPOPMLTKQHJGFFB78CB,正義段,37.18,都市：住,1000000,15576,持分移轉,14910000
RPSNMLTKQHJGFHB56CB,弘富段,31.06,都市：住,100000,1832,持分移轉,03320000
RPPNMLTKQHJGFHB88CB,弘富段,23.42,都市：住,100000,1381,持分移轉,03320000
RPQNMLTKQHJGFFB78CB,忠孝段,30.06,都市：住,100000,1598,持分移轉,00620002
RPPNMLTKQHJGFIB98CB,東湖段,29.18,都市：住,100000,639,持分移轉,06750000
RPVPMLTKQHJGFIB17CB,大孝段,20.44,都市：住,10000,121,持分移轉,02700000
RPWPMLTKQHJGFIB27CB,大孝段,19.76,都市：住,10000,117,持分移轉,02700000
RPPNMLTKQHJGFKB56CB,龍崗段,34.61,都市：住,100000,2720,持分移轉,07640000
RPSOMLKLQHJGFBB87CB,碧柳段,19.50,都市：住,100000,488,持分移轉,00810000
RPQPMLKLQHJGFBB77CB,太和段,12.94,都市：住,100000,351,持分移轉,01910000
RPOPMLKLQHJGFBB57CB,太和段,19.46,都市：住,100000,528,持分移轉,01910000
RPVOMLKLQHJGFBB18CB,乾溝子段,.98,都市：商,100000,363,持分移轉,00790000
RPVOMLKLQHJGFBB18CB,乾溝子段,.61,都市：商,100000,363,持分移轉,00790002
RPVOMLKLQHJGFBB18CB,乾溝子段,.49,都市：商,100000,363,持分移轉,00790003
RPVOMLKLQHJGFBB18CB,乾溝子段,.53,都市：商,100000,363,持分移轉,00790004
RPVOMLKLQHJGFBB18CB,乾溝子段,2.04,都市：商,100000,363,持分移轉,00790006
RPVOMLKLQHJGFBB18CB,乾溝子段,.15,都市：商,100000,363,持分移轉,00790007
RPVOMLKLQHJGFBB18CB,乾溝子段,.09,都市：商,100000,363,持分移轉,00790008
RPVOMLKLQHJGFBB18CB,乾溝子段,.07,都市：商,100000,363,持分移轉,00790009
RPTOMLKLQHJGFBB97CB,乾溝子段,1.01,都市：商,100000,376,持分移轉,00790000
RPVOMLKLQHJGFBB18CB,乾溝子段,1.21,都市：商,100000,363,持分移轉,00800000
RPTOMLKLQHJGFBB97CB,乾溝子段,.63,都市：商,100000,376,持分移轉,00790002
RPVOMLKLQHJGFBB18CB,乾溝子段,.01,都市：商,100000,363,持分移轉,00800003
RPTOMLKLQHJGFBB97CB,乾溝子段,.51,都市：商,100000,376,持分移轉,00790003
RPVOMLKLQHJGFBB18CB,乾溝子段,.76,都市：商,100000,363,持分移轉,00800009
RPVOMLKLQHJGFBB18CB,乾溝子段,1.83,都市：商,100000,363,持分移轉,00820002
RPTOMLKLQHJGFBB97CB,乾溝子段,.55,都市：商,100000,376,持分移轉,00790004
RPVOMLKLQHJGFBB18CB,乾溝子段,.17,都市：商,100000,363,持分移轉,00820008
RPTOMLKLQHJGFBB97CB,乾溝子段,2.11,都市：商,100000,376,持分移轉,00790006
RPUOMLKLQHJGFBB08CB,乾溝子段,.98,都市：商,100000,363,持分移轉,00790000
RPVOMLKLQHJGFBB18CB,乾溝子段,.38,都市：商,100000,363,持分移轉,00820010
RPTOMLKLQHJGFBB97CB,乾溝子段,.16,都市：商,100000,376,持分移轉,00790007
RPUOMLKLQHJGFBB08CB,乾溝子段,.61,都市：商,100000,363,持分移轉,00790002
RPVOMLKLQHJGFBB18CB,乾溝子段,.06,都市：商,100000,363,持分移轉,00820016
RPPPMLKLQHJGFBB67CB,太和段,12.94,都市：住,100000,351,持分移轉,01910000
RPTOMLKLQHJGFBB97CB,乾溝子段,.10,都市：商,100000,376,持分移轉,00790008
RPUOMLKLQHJGFBB08CB,乾溝子段,.49,都市：商,100000,363,持分移轉,00790003
RPVOMLKLQHJGFBB18CB,乾溝子段,.11,都市：商,100000,363,持分移轉,00820256
RPTOMLKLQHJGFBB97CB,乾溝子段,.08,都市：商,100000,376,持分移轉,00790009
RPVOMLKLQHJGFBB18CB,乾溝子段,.04,都市：商,100000,363,持分移轉,00820257
RPUOMLKLQHJGFBB08CB,乾溝子段,.53,都市：商,100000,363,持分移轉,00790004
RPVOMLKLQHJGFBB18CB,乾溝子段,.13,都市：商,100000,363,持分移轉,00820258
RPTOMLKLQHJGFBB97CB,乾溝子段,1.25,都市：商,100000,376,持分移轉,00800000
RPUOMLKLQHJGFBB08CB,乾溝子段,2.04,都市：商,100000,363,持分移轉,00790006
RPVOMLKLQHJGFBB18CB,乾溝子段,.07,都市：商,100000,363,持分移轉,00820259
RPTOMLKLQHJGFBB97CB,乾溝子段,.01,都市：商,100000,376,持分移轉,00800003
RPVOMLKLQHJGFBB18CB,乾溝子段,.05,都市：商,100000,363,持分移轉,00820260
RPUOMLKLQHJGFBB08CB,乾溝子段,.15,都市：商,100000,363,持分移轉,00790007
RPTOMLKLQHJGFBB97CB,乾溝子段,.78,都市：商,100000,376,持分移轉,00800009
RPVOMLKLQHJGFBB18CB,乾溝子段,.07,都市：商,100000,363,持分移轉,00820261
RPTOMLKLQHJGFBB97CB,乾溝子段,1.89,都市：商,100000,376,持分移轉,00820002
RPRPMLKLQHJGFBB87CB,太和段,21.45,都市：住,100000,582,持分移轉,01910000
RPVOMLKLQHJGFBB18CB,乾溝子段,.22,都市：商,100000,363,持分移轉,00820264
RPWOMLKLQHJGFBB28CB,乾溝子段,.98,都市：商,100000,363,持分移轉,00790000
RPVOMLKLQHJGFBB18CB,乾溝子段,.60,都市：商,100000,363,持分移轉,00830004
RPWOMLKLQHJGFBB28CB,乾溝子段,.61,都市：商,100000,363,持分移轉,00790002
RPTOMLKLQHJGFBB97CB,乾溝子段,.18,都市：商,100000,376,持分移轉,00820008
RPVOMLKLQHJGFBB18CB,乾溝子段,.04,都市：商,100000,363,持分移轉,00830006
RPWOMLKLQHJGFBB28CB,乾溝子段,.49,都市：商,100000,363,持分移轉,00790003
RPTOMLKLQHJGFBB97CB,乾溝子段,.40,都市：商,100000,376,持分移轉,00820010
RPVOMLKLQHJGFBB18CB,乾溝子段,.25,都市：商,100000,363,持分移轉,00830113
RPWOMLKLQHJGFBB28CB,乾溝子段,.53,都市：商,100000,363,持分移轉,00790004
RPVOMLKLQHJGFBB18CB,乾溝子段,.12,都市：商,100000,363,持分移轉,00830249
RPUOMLKLQHJGFBB08CB,乾溝子段,.09,都市：商,100000,363,持分移轉,00790008
RPVOMLKLQHJGFBB18CB,乾溝子段,.05,都市：商,100000,363,持分移轉,00830258
RPTOMLKLQHJGFBB97CB,乾溝子段,.06,都市：商,100000,376,持分移轉,00820016
RPUOMLKLQHJGFBB08CB,乾溝子段,.07,都市：商,100000,363,持分移轉,00790009
RPWOMLKLQHJGFBB28CB,乾溝子段,2.04,都市：商,100000,363,持分移轉,00790006
RPTOMLKLQHJGFBB97CB,乾溝子段,.11,都市：商,100000,376,持分移轉,00820256
RPVOMLKLQHJGFBB18CB,乾溝子段,.02,都市：商,100000,363,持分移轉,00830259
RPUOMLKLQHJGFBB08CB,乾溝子段,1.21,都市：商,100000,363,持分移轉,00800000
RPWOMLKLQHJGFBB28CB,乾溝子段,.15,都市：商,100000,363,持分移轉,00790007
RPTOMLKLQHJGFBB97CB,乾溝子段,.05,都市：商,100000,376,持分移轉,00820257
RPVOMLKLQHJGFBB18CB,乾溝子段,.17,都市：商,100000,363,持分移轉,00830262
RPUOMLKLQHJGFBB08CB,乾溝子段,.01,都市：商,100000,363,持分移轉,00800003
RPTOMLKLQHJGFBB97CB,乾溝子段,.13,都市：商,100000,376,持分移轉,00820258
RPTOMLKLQHJGFBB97CB,乾溝子段,.07,都市：商,100000,376,持分移轉,00820259
RPUOMLKLQHJGFBB08CB,乾溝子段,.76,都市：商,100000,363,持分移轉,00800009
RPVOMLKLQHJGFBB18CB,乾溝子段,.19,都市：商,100000,363,持分移轉,00830263
RPTOMLKLQHJGFBB97CB,乾溝子段,.05,都市：商,100000,376,持分移轉,00820260
RPUOMLKLQHJGFBB08CB,乾溝子段,1.83,都市：商,100000,363,持分移轉,00820002
RPVOMLKLQHJGFBB18CB,乾溝子段,.01,都市：商,100000,363,持分移轉,00830264
RPTOMLKLQHJGFBB97CB,乾溝子段,.07,都市：商,100000,376,持分移轉,00820261
RPUOMLKLQHJGFBB08CB,乾溝子段,.17,都市：商,100000,363,持分移轉,00820008
RPTOMLKLQHJGFBB97CB,乾溝子段,.23,都市：商,100000,376,持分移轉,00820264
RPWOMLKLQHJGFBB28CB,乾溝子段,.09,都市：商,100000,363,持分移轉,00790008
RPUOMLKLQHJGFBB08CB,乾溝子段,.38,都市：商,100000,363,持分移轉,00820010
RPTOMLKLQHJGFBB97CB,乾溝子段,.62,都市：商,100000,376,持分移轉,00830004
RPWOMLKLQHJGFBB28CB,乾溝子段,.07,都市：商,100000,363,持分移轉,00790009
RPUOMLKLQHJGFBB08CB,乾溝子段,.06,都市：商,100000,363,持分移轉,00820016
RPWOMLKLQHJGFBB28CB,乾溝子段,1.21,都市：商,100000,363,持分移轉,00800000
RPUOMLKLQHJGFBB08CB,乾溝子段,.11,都市：商,100000,363,持分移轉,00820256
RPWOMLKLQHJGFBB28CB,乾溝子段,.01,都市：商,100000,363,持分移轉,00800003
RPTOMLKLQHJGFBB97CB,乾溝子段,.04,都市：商,100000,376,持分移轉,00830006
RPUOMLKLQHJGFBB08CB,乾溝子段,.04,都市：商,100000,363,持分移轉,00820257
RPTOMLKLQHJGFBB97CB,乾溝子段,.26,都市：商,100000,376,持分移轉,00830113
RPWOMLKLQHJGFBB28CB,乾溝子段,.76,都市：商,100000,363,持分移轉,00800009
RPUOMLKLQHJGFBB08CB,乾溝子段,.13,都市：商,100000,363,持分移轉,00820258
RPTOMLKLQHJGFBB97CB,乾溝子段,.12,都市：商,100000,376,持分移轉,00830249
RPWOMLKLQHJGFBB28CB,乾溝子段,1.83,都市：商,100000,363,持分移轉,00820002
RPUOMLKLQHJGFBB08CB,乾溝子段,.07,都市：商,100000,363,持分移轉,00820259
RPTOMLKLQHJGFBB97CB,乾溝子段,.05,都市：商,100000,376,持分移轉,00830258
RPWOMLKLQHJGFBB28CB,乾溝子段,.17,都市：商,100000,363,持分移轉,00820008
RPUOMLKLQHJGFBB08CB,乾溝子段,.05,都市：商,100000,363,持分移轉,00820260
RPTOMLKLQHJGFBB97CB,乾溝子段,.02,都市：商,100000,376,持分移轉,00830259
RPWOMLKLQHJGFBB28CB,乾溝子段,.38,都市：商,100000,363,持分移轉,00820010
RPUOMLKLQHJGFBB08CB,乾溝子段,.07,都市：商,100000,363,持分移轉,00820261
RPTOMLKLQHJGFBB97CB,乾溝子段,.18,都市：商,100000,376,持分移轉,00830262
RPWOMLKLQHJGFBB28CB,乾溝子段,.06,都市：商,100000,363,持分移轉,00820016
RPUOMLKLQHJGFBB08CB,乾溝子段,.22,都市：商,100000,363,持分移轉,00820264
RPTOMLKLQHJGFBB97CB,乾溝子段,.20,都市：商,100000,376,持分移轉,00830263
RPWOMLKLQHJGFBB28CB,乾溝子段,.11,都市：商,100000,363,持分移轉,00820256
RPUOMLKLQHJGFBB08CB,乾溝子段,.60,都市：商,100000,363,持分移轉,00830004
RPTOMLKLQHJGFBB97CB,乾溝子段,.02,都市：商,100000,376,持分移轉,00830264
RPWOMLKLQHJGFBB28CB,乾溝子段,.04,都市：商,100000,363,持分移轉,00820257
RPUOMLKLQHJGFBB08CB,乾溝子段,.04,都市：商,100000,363,持分移轉,00830006
RPWOMLKLQHJGFBB28CB,乾溝子段,.13,都市：商,100000,363,持分移轉,00820258
RPUOMLKLQHJGFBB08CB,乾溝子段,.25,都市：商,100000,363,持分移轉,00830113
RPUOMLKLQHJGFBB08CB,乾溝子段,.12,都市：商,100000,363,持分移轉,00830249
RPWOMLKLQHJGFBB28CB,乾溝子段,.07,都市：商,100000,363,持分移轉,00820259
RPUOMLKLQHJGFBB08CB,乾溝子段,.05,都市：商,100000,363,持分移轉,00830258
RPUOMLKLQHJGFBB08CB,乾溝子段,.02,都市：商,100000,363,持分移轉,00830259
RPUOMLKLQHJGFBB08CB,乾溝子段,.17,都市：商,100000,363,持分移轉,00830262
RPWOMLKLQHJGFBB28CB,乾溝子段,.05,都市：商,100000,363,持分移轉,00820260
RPUOMLKLQHJGFBB08CB,乾溝子段,.19,都市：商,100000,363,持分移轉,00830263
RPWOMLKLQHJGFBB28CB,乾溝子段,.07,都市：商,100000,363,持分移轉,00820261
RPUOMLKLQHJGFBB08CB,乾溝子段,.01,都市：商,100000,363,持分移轉,00830264
RPWOMLKLQHJGFBB28CB,乾溝子段,.22,都市：商,100000,363,持分移轉,00820264
RPWOMLKLQHJGFBB28CB,乾溝子段,.60,都市：商,100000,363,持分移轉,00830004
RPWOMLKLQHJGFBB28CB,乾溝子段,.04,都市：商,100000,363,持分移轉,00830006
RPWOMLKLQHJGFBB28CB,乾溝子段,.25,都市：商,100000,363,持分移轉,00830113
RPWOMLKLQHJGFBB28CB,乾溝子段,.12,都市：商,100000,363,持分移轉,00830249
RPWOMLKLQHJGFBB28CB,乾溝子段,.05,都市：商,100000,363,持分移轉,00830258
RPWOMLKLQHJGFBB28CB,乾溝子段,.02,都市：商,100000,363,持分移轉,00830259
RPWOMLKLQHJGFBB28CB,乾溝子段,.17,都市：商,100000,363,持分移轉,00830262
RPWOMLKLQHJGFBB28CB,乾溝子段,.19,都市：商,100000,363,持分移轉,00830263
RPWOMLKLQHJGFBB28CB,乾溝子段,.01,都市：商,100000,363,持分移轉,00830264
RPSPMLKLQHJGFBB97CB,太和段,20.64,都市：住,100000,560,持分移轉,01910000
RPUPMLKLQHJGFBB18CB,太和段,19.39,都市：住,100000,526,持分移轉,01910000
RPTPMLKLQHJGFBB08CB,太和段,12.94,都市：住,100000,351,持分移轉,01910000
RPVPMLKLQHJGFBB28CB,太和段,21.45,都市：住,100000,582,持分移轉,01910000
RPWPMLKLQHJGFBB38CB,太和段,12.94,都市：住,100000,351,持分移轉,01910000
RPXPMLKLQHJGFBB48CB,太和段,12.94,都市：住,100000,351,持分移轉,01910000
RPRQMLKLQHJGFBB97CB,太和段,12.94,都市：住,100000,351,持分移轉,01910000
RPPQMLKLQHJGFBB77CB,太和段,21.45,都市：住,100000,582,持分移轉,01910000
RPQQMLKLQHJGFBB87CB,太和段,20.64,都市：住,100000,560,持分移轉,01910000
RPOQMLKLQHJGFBB67CB,太和段,12.94,都市：住,100000,351,持分移轉,01910000
RPSQMLKLQHJGFBB08CB,太和段,19.39,都市：住,100000,526,持分移轉,01910000
RPTQMLKLQHJGFBB18CB,太和段,19.39,都市：住,100000,526,持分移轉,01910000
RPWQMLKLQHJGFBB48CB,太和段,18.06,都市：住,100000,490,持分移轉,01910000
RPUQMLKLQHJGFBB28CB,太和段,19.39,都市：住,100000,526,持分移轉,01910000
RPXQMLKLQHJGFBB58CB,太和段,19.39,都市：住,100000,526,持分移轉,01910000
RPORMLKLQHJGFBB77CB,太和段,19.39,都市：住,100000,526,持分移轉,01910000
RPPRMLKLQHJGFBB87CB,太和段,21.82,都市：住,100000,592,持分移轉,01910000
RPVQMLKLQHJGFBB38CB,太和段,19.39,都市：住,100000,526,持分移轉,01910000
RPQRMLKLQHJGFBB97CB,太和段,20.61,都市：住,100000,559,持分移轉,01910000
RPRRMLKLQHJGFBB08CB,太和段,12.94,都市：住,100000,351,持分移轉,01910000
RPSRMLKLQHJGFBB18CB,太和段,12.94,都市：住,100000,351,持分移轉,01910000
RPTRMLKLQHJGFBB28CB,太和段,18.06,都市：住,100000,490,持分移轉,01910000
RPOSMLKLQHJGFBB87CB,太和段,12.94,都市：住,100000,351,持分移轉,01910000
RPWRMLKLQHJGFBB58CB,太和段,20.61,都市：住,100000,559,持分移轉,01910000
RPXRMLKLQHJGFBB68CB,太和段,12.94,都市：住,100000,351,持分移轉,01910000
RPURMLKLQHJGFBB38CB,太和段,19.46,都市：住,100000,528,持分移轉,01910000
RPVRMLKLQHJGFBB48CB,太和段,19.39,都市：住,100000,526,持分移轉,01910000
RPQSMLKLQHJGFBB08CB,太和段,19.39,都市：住,100000,526,持分移轉,01910000
RPPSMLKLQHJGFBB97CB,太和段,21.82,都市：住,100000,592,持分移轉,01910000
RPRSMLKLQHJGFBB18CB,太和段,20.64,都市：住,100000,560,持分移轉,01910000
RPSSMLKLQHJGFBB28CB,太和段,12.94,都市：住,100000,351,持分移轉,01910000
RPTSMLKLQHJGFBB38CB,太和段,19.46,都市：住,100000,528,持分移轉,01910000
RPUSMLKLQHJGFBB48CB,仁平段,22.05,都市：住,100000,826,持分移轉,03580000
RPUSMLKLQHJGFBB48CB,平田段,10.65,都市：住,100000,826,持分移轉,09530000
RPSNMLKLQHJGFCB87CB,鎮福段,7.58,都市：住,100000,1102,持分移轉,00260000
RPSNMLKLQHJGFCB87CB,鎮福段,3.05,都市：住,100000,1102,持分移轉,00270000
RPSNMLKLQHJGFCB87CB,鎮福段,24.55,都市：住,100000,1102,持分移轉,00350000
RPVRMLKLQHJGFCB58CB,建功段,14.60,都市：住,10000,19,持分移轉,00070001
RPWSMLKLQHJGFBB68CB,東山段,21.08,都市：商,100000,605,持分移轉,02280000
RPXRMLKLQHJGFCB78CB,建功段,19.20,都市：住,10000,25,持分移轉,00070001
RPOSMLKLQHJGFCB97CB,建功段,19.97,都市：住,10000,26,持分移轉,00070001
RPWPMLKLQHJGFHB98CB,弘富段,34.16,都市：住,100000,1131,持分移轉,02930000
RPQNMLKLQHJGFFB97CB,新站段,19.44,都市：住,10000,29,持分移轉,00660000
RPPNMLKLQHJGFHB08CB,弘富段,21.26,都市：住,100000,1254,持分移轉,03320000
RPOQMLKLQHJGFHB28CB,弘富段,34.16,都市：住,100000,1131,持分移轉,02930000
RPSNMLKLQHJGFIB48CB,新高鐵段,14.77,都市：商,100000,105,持分移轉,00310000
RPRNMLKLQHJGFIB38CB,新高鐵段,14.49,都市：商,100000,103,持分移轉,00310000
RPPNMLKLQHJGFIB18CB,健民段,27.69,非都市：鄉村區 ; 非都市編定：乙種建築用地,100000,436,持分移轉,07560000
RPQNMLKLQHJGFIB28CB,健民段,27.69,非都市：鄉村區 ; 非都市編定：乙種建築用地,100000,436,持分移轉,07560000
RPTNMLKLQHJGFIB58CB,新高鐵段,13.93,都市：商,100000,99,持分移轉,00310000
RPUNMLKLQHJGFIB68CB,新高鐵段,9.43,都市：商,100000,67,持分移轉,00310000
RPVNMLKLQHJGFIB78CB,新高鐵段,14.63,都市：商,100000,104,持分移轉,00310000
RPQNMLKLQHJGFJB38CB,育賢段,26.58,都市：住,10000,25,持分移轉,01810000
RPPNMLKLQHJGFJB28CB,育賢段,19.14,都市：住,10000,18,持分移轉,01810000
RPUNMLKLQHJGFJB78CB,育賢段,25.19,都市：住,100000,680,持分移轉,02020000
RPTNMLKLQHJGFJB68CB,育賢段,25.19,都市：住,100000,680,持分移轉,02020000
RPRNMLKLQHJGFJB48CB,育賢段,26.58,都市：住,10000,25,持分移轉,01810000
RPSNMLKLQHJGFJB58CB,育賢段,24.08,都市：住,100000,650,持分移轉,02020000
RPRNMLKLQHJGFKB58CB,中社段,81.26,都市：住,1,1,全筆移轉,08730001
RPRNMLKLQHJGFKB58CB,中社段,8.26,都市：住,17,1,持分移轉,08730005
RPSNMLKLQHJGFKB68CB,中社段,62.31,都市：住,1,1,全筆移轉,08730008
RPSNMLKLQHJGFKB68CB,中社段,16.52,都市：住,17,2,持分移轉,08730005
RPTNMLKLQHJGFKB78CB,龍新段,63.97,都市：住,1,1,全筆移轉,03640008
RPTNMLKLQHJGFKB78CB,龍新段,21.77,都市：住,26,2,持分移轉,03640009
RPRNMLLLQHJGFCB87CB,西屯段,.08,都市：商,1000000,5298,持分移轉,32740000
RPSNMLLLQHJGFCB97CB,建功段,14.60,都市：住,10000,19,持分移轉,00070001
RPRNMLLLQHJGFCB87CB,西屯段,.02,都市：商,1000000,5298,持分移轉,23870081
RPRNMLLLQHJGFCB87CB,上石碑段,8.86,都市：商,1000000,5298,持分移轉,26840000
RPRNMLLLQHJGFCB87CB,西屯段,.09,都市：商,1000000,5298,持分移轉,23870026
RPPNMLLLQHJGFBB57CB,文北段,20.18,都市：住,100000,738,持分移轉,00380000
RPRNMLLLQHJGFBB77CB,文北段,19.58,都市：住,100000,716,持分移轉,00380000
RPQNMLLLQHJGFCB77CB,新富段,76.56,都市：住,10000,176,持分移轉,01710000
RPPOMLLLQHJGFCB77CB,鎮福段,36.33,都市：住,100000,1037,持分移轉,00110000
RPWNMLLLQHJGFJB09CB,育賢段,22.24,都市：住,10000,60,持分移轉,02020004
RPPNMLLLQHJGFJB38CB,育賢段,23.50,都市：住,10000,37,持分移轉,01840002
RPQOMLLLQHJGFFB18CB,市鎮北段,14.24,都市：商,100000,235,持分移轉,02310000
RPPNMLLLQHJGFEB87CB,大同段,26.18,都市：住,467870,10581,持分移轉,03880024
RPRNMLLLQHJGFJB58CB,育賢段,24.77,都市：住,10000,39,持分移轉,01840002
RPUOMLLLQHJGFJB98CB,育賢段,21.48,都市：住,10000,25,持分移轉,02010000
RPWOMLLLQHJGFJB56CB,育賢段,21.48,都市：住,10000,25,持分移轉,02010000
RPVOMLLLQHJGFJB09CB,學億段,27.29,都市：住,10000,145,持分移轉,00380004
RPXOMLLLQHJGFJB66CB,育賢段,21.48,都市：住,10000,25,持分移轉,02010000
RPSNMLMLQHJGFBB97CB,敦和段,50.22,都市：住,100000,739,持分移轉,00610000
RPTNMLLLQHJGFKB88CB,自治段,18.76,都市：住,100000,630,持分移轉,01840000
RPSNMLLLQHJGFKB78CB,自治段,22.96,都市：住,100000,771,持分移轉,01840000
RPRNMLMLQHJGFBB87CB,敦和段,50.22,都市：住,100000,739,持分移轉,00610000
RPQNMLMLQHJGFCB87CB,文商段,6.45,都市：商,100000,323,持分移轉,00390000
RPQNMLMLQHJGFCB87CB,文商段,6.42,都市：商,100000,323,持分移轉,00400000
RPRNMLMLQHJGFCB97CB,文商段,5.85,都市：商,100000,293,持分移轉,00390000
RPRNMLMLQHJGFCB97CB,文商段,5.82,都市：商,100000,293,持分移轉,00400000
RPRNMLMLQHJGFDB08CB,順濟段,36.02,都市：住,100000,1108,持分移轉,05660000
RPSNMLMLQHJGFCB08CB,文商段,6.45,都市：商,100000,323,持分移轉,00390000
RPSNMLMLQHJGFCB08CB,文商段,6.42,都市：商,100000,323,持分移轉,00400000
RPSNMLMLQHJGFDB18CB,順濟段,35.34,都市：住,100000,1087,持分移轉,05660000
RPOOMLMLQHJGFDB87CB,順濟段,27.99,都市：住,100000,861,持分移轉,05660000
RPTNMLMLQHJGFDB28CB,順濟段,34.56,都市：住,100000,1063,持分移轉,05660000
RPSNMLMLQHJGFFB38CB,南簡段,25.24,都市：住,10000,47,持分移轉,01840000
RPPNMLMLQHJGFFB08CB,正義段,37.18,都市：住,1000000,15576,持分移轉,14910000
RPXNMLMLQHJGFDB68CB,順濟段,26.37,都市：住,100000,811,持分移轉,05660000
RPWNMLMLQHJGFDB58CB,順濟段,27.02,都市：住,100000,831,持分移轉,05660000
RPUNMLMLQHJGFFB58CB,南簡段,24.17,都市：住,10000,45,持分移轉,01840000
RPTNMLMLQHJGFFB48CB,南簡段,25.78,都市：住,10000,48,持分移轉,01840000
RPVNMLMLQHJGFFB68CB,南簡段,25.78,都市：住,10000,48,持分移轉,01840000
RPVNMLMLQHJGFHB88CB,弘富段,22.74,都市：住,100000,753,持分移轉,02930000
RPQOMLMLQHJGFFB28CB,南簡段,25.78,都市：住,10000,48,持分移轉,01840000
RPPOMLMLQHJGFFB18CB,南簡段,25.78,都市：住,10000,48,持分移轉,01840000
RPWNMLMLQHJGFHB98CB,弘富段,22.74,都市：住,100000,753,持分移轉,02930000
RPROMLMLQHJGFFB38CB,南簡段,15.04,都市：住,10000,28,持分移轉,01840000
RPUNMLMLQHJGFHB78CB,弘富段,22.74,都市：住,100000,753,持分移轉,02930000
RPSPMLMLQHJGFHB78CB,弘富段,25.43,都市：住,100000,842,持分移轉,02930000
RPXNMLMLQHJGFHB09CB,弘富段,22.74,都市：住,100000,753,持分移轉,02930000
RPUPMLMLQHJGFHB98CB,弘富段,25.43,都市：住,100000,842,持分移轉,02930000
RPTPMLMLQHJGFHB88CB,弘富段,25.43,都市：住,100000,842,持分移轉,02930000
RPVPMLMLQHJGFHB09CB,弘富段,25.43,都市：住,100000,842,持分移轉,02930000
RPSNMLNLQHJGFBB08CB,景福段,2.89,都市：商,100000,136,持分移轉,01160000
RPSNMLNLQHJGFBB08CB,景福段,3.67,都市：商,100000,136,持分移轉,01170000
RPSNMLNLQHJGFBB08CB,景福段,3.46,都市：商,100000,136,持分移轉,01180000
RPSNMLNLQHJGFBB08CB,景福段,3.06,都市：商,100000,136,持分移轉,01190000
RPSNMLNLQHJGFBB08CB,景福段,3.16,都市：商,100000,136,持分移轉,01200000
RPSNMLNLQHJGFBB08CB,景福段,2.72,都市：商,100000,136,持分移轉,01210000
RPSNMLNLQHJGFBB08CB,景福段,2.72,都市：商,100000,136,持分移轉,01220000
RPSNMLNLQHJGFBB08CB,景福段,3.33,都市：商,100000,136,持分移轉,01230000
RPSNMLNLQHJGFBB08CB,景福段,3.02,都市：商,100000,136,持分移轉,01240000
RPRNMLNLQHJGFBB97CB,景福段,3.48,都市：商,100000,164,持分移轉,01160000
RPRNMLNLQHJGFBB97CB,景福段,4.43,都市：商,100000,164,持分移轉,01170000
RPRNMLNLQHJGFBB97CB,景福段,4.17,都市：商,100000,164,持分移轉,01180000
RPRNMLNLQHJGFBB97CB,景福段,3.69,都市：商,100000,164,持分移轉,01190000
RPRNMLNLQHJGFBB97CB,景福段,3.81,都市：商,100000,164,持分移轉,01200000
RPRNMLNLQHJGFBB97CB,景福段,3.28,都市：商,100000,164,持分移轉,01210000
RPRNMLNLQHJGFBB97CB,景福段,3.28,都市：商,100000,164,持分移轉,01220000
RPRNMLNLQHJGFBB97CB,景福段,4.02,都市：商,100000,164,持分移轉,01230000
RPRNMLNLQHJGFBB97CB,景福段,3.64,都市：商,100000,164,持分移轉,01240000
RPRNMLMLQHJGFIB58CB,北新段,87.57,都市：住,1,1,全筆移轉,06300000
RPRNMLMLQHJGFIB58CB,北新段,1.40,都市：住,19,1,持分移轉,06300011
RPRNMLMLQHJGFIB58CB,北新段,17.49,都市：住,19,1,持分移轉,06300020
RPRNMLMLQHJGFIB58CB,北新段,.28,都市：住,19,1,持分移轉,06300059
RPRNMLMLQHJGFIB58CB,北新段,1.38,都市：住,19,1,持分移轉,06120000
RPRNMLMLQHJGFIB58CB,北新段,.02,都市：住,19,1,持分移轉,06120001
RPRNMLMLQHJGFIB58CB,北新段,.84,都市：住,19,1,持分移轉,06300010
RPRNMLMLQHJGFIB58CB,北新段,.68,都市：住,19,1,持分移轉,06300026
RPRNMLMLQHJGFIB58CB,北新段,.32,都市：住,19,1,持分移轉,06300029
RPRNMLMLQHJGFIB58CB,北新段,.07,都市：住,19,1,持分移轉,06300030
RPRNMLMLQHJGFIB58CB,北新段,.72,都市：住,19,1,持分移轉,06120002
RPRNMLMLQHJGFIB58CB,北新段,.13,都市：住,19,1,持分移轉,06300025
RPRNMLMLQHJGFIB58CB,北新段,.70,都市：住,19,1,持分移轉,06300009
RPRNMLMLQHJGFIB58CB,北新段,.12,都市：住,19,1,持分移轉,06300060
RPTNMLNLQHJGFBB18CB,平田段,26.24,都市：住,10000,70,持分移轉,03970000
RPUNMLNLQHJGFBB28CB,平田段,21.37,都市：住,10000,57,持分移轉,03970000
RPTNMLMLQHJGFIB78CB,北新段,47.06,都市：住,1,1,全筆移轉,06300008
RPTNMLMLQHJGFIB78CB,北新段,1.40,都市：住,19,1,持分移轉,06300011
RPTNMLMLQHJGFIB78CB,北新段,17.49,都市：住,19,1,持分移轉,06300020
RPTNMLMLQHJGFIB78CB,北新段,.28,都市：住,19,1,持分移轉,06300059
RPTNMLMLQHJGFIB78CB,北新段,1.38,都市：住,19,1,持分移轉,06120000
RPTNMLMLQHJGFIB78CB,北新段,.02,都市：住,19,1,持分移轉,06120001
RPTNMLMLQHJGFIB78CB,北新段,.84,都市：住,19,1,持分移轉,06300010
RPTNMLMLQHJGFIB78CB,北新段,.68,都市：住,19,1,持分移轉,06300026
RPTNMLMLQHJGFIB78CB,北新段,.32,都市：住,19,1,持分移轉,06300029
RPTNMLMLQHJGFIB78CB,北新段,.07,都市：住,19,1,持分移轉,06300030
RPTNMLMLQHJGFIB78CB,北新段,.72,都市：住,19,1,持分移轉,06120002
RPTNMLMLQHJGFIB78CB,北新段,.13,都市：住,19,1,持分移轉,06300025
RPTNMLMLQHJGFIB78CB,北新段,.70,都市：住,19,1,持分移轉,06300009
RPTNMLMLQHJGFIB78CB,北新段,.12,都市：住,19,1,持分移轉,06300060
RPRQMLNLQHJGFBB28CB,洲際段,26.41,都市：住,10000,53,持分移轉,00230000
RPUQMLNLQHJGFBB58CB,洲際段,25.41,都市：住,10000,51,持分移轉,00230000
RPXQMLNLQHJGFBB88CB,洲際段,25.41,都市：住,10000,51,持分移轉,00230000
RPPNMLNLQHJGFCB87CB,鎮福段,35.14,都市：住,100000,1003,持分移轉,00110000
RPQNMLNLQHJGFCB97CB,鎮福段,35.14,都市：住,100000,1003,持分移轉,00110000
RPPNMLNLQHJGFHB38CB,弘富段,39.78,都市：住,100000,1317,持分移轉,02930000
RPQNMLNLQHJGFHB48CB,弘富段,4.05,都市：住,100000,134,持分移轉,02930000
RPRNMLNLQHJGFCB08CB,鎮福段,36.33,都市：住,100000,1037,持分移轉,00110000
RPRNMLNLQHJGFHB58CB,弘富段,40.50,都市：住,100000,1341,持分移轉,02930000
RPSNMLNLQHJGFHB68CB,弘富段,39.78,都市：住,100000,1317,持分移轉,02930000
RPUNMLNLQHJGFHB88CB,弘富段,34.16,都市：住,100000,1131,持分移轉,02930000
RPTNMLNLQHJGFHB78CB,弘富段,34.16,都市：住,100000,1131,持分移轉,02930000
RPOOMLNLQHJGFHB38CB,弘富段,22.74,都市：住,100000,753,持分移轉,02930000
RPQOMLNLQHJGFHB58CB,弘富段,22.74,都市：住,100000,753,持分移轉,02930000
RPROMLNLQHJGFHB68CB,弘富段,22.74,都市：住,100000,753,持分移轉,02930000
RPSOMLNLQHJGFHB78CB,弘富段,22.74,都市：住,100000,753,持分移轉,02930000
RPPNMLOLQHJGFFB28CB,三鹿段,21.43,都市：商,100000,496,持分移轉,00470000
RPUNMLOLQHJGFFB78CB,南簡段,21.05,都市：住,1000000,5129,持分移轉,01380000
RPQNMLNLQHJGFJB68CB,育賢段,22.62,都市：住,10000,61,持分移轉,02020004
RPWNMLOLQHJGFFB98CB,南簡段,20.94,都市：住,1000000,5102,持分移轉,01380000
RPOOMLOLQHJGFFB28CB,南簡段,23.35,都市：住,1000000,5689,持分移轉,01380000
RPXNMLOLQHJGFFB09CB,南簡段,20.94,都市：住,1000000,5102,持分移轉,01380000
RPQNMLQLQHJGFBB18CB,乾溝子段,10.94,都市：住,100000,604,持分移轉,00810000
RPQNMLQLQHJGFBB18CB,乾溝子段,8.24,都市：住,100000,604,持分移轉,00820265
RPPNMLQLQHJGFBB08CB,乾溝子段,11.36,都市：住,100000,627,持分移轉,00810000
RPPNMLQLQHJGFBB08CB,乾溝子段,8.55,都市：住,100000,627,持分移轉,00820265
RPRNMLQLQHJGFBB28CB,乾溝子段,7.79,都市：住,100000,430,持分移轉,00810000
RPRNMLQLQHJGFBB28CB,乾溝子段,5.87,都市：住,100000,430,持分移轉,00820265
RPUNMLQLQHJGFBB58CB,軍和段,149.87,都市：住,1,1,全筆移轉,00550054
RPPNMLQLQHJGFCB18CB,民安段,34.96,都市：住,100000,1137,持分移轉,18900000
RPQNMLQLQHJGFCB28CB,三富段,29.75,都市：住,100000,1201,持分移轉,00350000
RPQNMLQLQHJGFCB28CB,三富段,14.45,都市：住,100000,1201,持分移轉,00360000
RPPOMLQLQHJGFBB18CB,洲際段,26.41,都市：住,10000,53,持分移轉,00230000
RPUNMLQLQHJGFCB68CB,三富段,3.43,都市：住,100000,750,持分移轉,00410000
RPUNMLQLQHJGFCB68CB,三富段,4.38,都市：住,100000,750,持分移轉,00450000
RPUNMLQLQHJGFCB68CB,三富段,12.82,都市：住,100000,750,持分移轉,00460000
RPUNMLQLQHJGFCB68CB,三富段,19.83,都市：住,100000,750,持分移轉,00480000
RPUNMLQLQHJGFCB68CB,三富段,7.15,都市：住,100000,750,持分移轉,00490000
RPXNMLQLQHJGFCB98CB,田心段,30.54,都市：住,1000000,6815,持分移轉,14800000
RPWNMLQLQHJGFCB88CB,田心段,30.54,都市：住,1000000,6815,持分移轉,14800000
RPVNMLQLQHJGFCB78CB,三富段,3.49,都市：住,100000,763,持分移轉,00410000
RPVNMLQLQHJGFCB78CB,三富段,4.45,都市：住,100000,763,持分移轉,00450000
RPVNMLQLQHJGFCB78CB,三富段,13.04,都市：住,100000,763,持分移轉,00460000
RPVNMLQLQHJGFCB78CB,三富段,20.18,都市：住,100000,763,持分移轉,00480000
RPVNMLQLQHJGFCB78CB,三富段,7.27,都市：住,100000,763,持分移轉,00490000
RPQNMLQLQHJGFEB48CB,和平段,16.88,都市：商,295700,1688,持分移轉,06950001
RPRNMLQLQHJGFEB58CB,和平段,16.88,都市：商,295700,1688,持分移轉,06950001
RPTOMLQLQHJGFFB98CB,居仁段,5.05,都市：住,10000,85,持分移轉,08110000
RPTOMLQLQHJGFFB98CB,居仁段,10.29,都市：住,10000,85,持分移轉,08160000
RPTOMLQLQHJGFFB98CB,居仁段,.89,都市：住,10000,85,持分移轉,08180000
RPTOMLQLQHJGFFB98CB,居仁段,.86,都市：住,10000,85,持分移轉,08200000
RPTOMLQLQHJGFFB98CB,居仁段,1.46,都市：住,10000,85,持分移轉,06590000
RPTOMLQLQHJGFFB98CB,居仁段,.80,都市：住,10000,85,持分移轉,06640000
RPROMLQLQHJGFFB78CB,居仁段,7.01,都市：住,10000,118,持分移轉,08110000
RPROMLQLQHJGFFB78CB,居仁段,14.28,都市：住,10000,118,持分移轉,08160000
RPROMLQLQHJGFFB78CB,居仁段,1.23,都市：住,10000,118,持分移轉,08180000
RPROMLQLQHJGFFB78CB,居仁段,1.20,都市：住,10000,118,持分移轉,08200000
RPROMLQLQHJGFFB78CB,居仁段,2.02,都市：住,10000,118,持分移轉,06590000
RPROMLQLQHJGFFB78CB,居仁段,1.11,都市：住,10000,118,持分移轉,06640000
RPPNMLQLQHJGFHB68CB,弘富段,25.43,都市：住,100000,842,持分移轉,02930000
RPPNMLRLQHJGFCB28CB,埔興段,27.68,都市：住,100000,1913,持分移轉,04630000
RPQNMLQLQHJGFIB88CB,東湖段,28.68,都市：住,100000,628,持分移轉,06750000
RPRNMLQLQHJGFJB09CB,溪洲段,24.02,都市：住,10000,74,持分移轉,05130000
RPTNMLRLQHJGFCB68CB,永春段,7.99,都市：住,100000,281,持分移轉,01050000
RPTNMLRLQHJGFCB68CB,永春段,71.11,都市：住,100000,2364,持分移轉,01060004
RPTNMLRLQHJGFCB68CB,永春段,142.14,都市：住,1,1,全筆移轉,01060014
RPWNMLRLQHJGFHB86CB,弘富段,34.16,都市：住,100000,1131,持分移轉,02930000
RPVNMLRLQHJGFHB76CB,弘富段,23.42,都市：住,100000,1381,持分移轉,03320000
RPXNMLRLQHJGFHB96CB,弘富段,29.05,都市：住,100000,962,持分移轉,02930000
RPQNMLRLQHJGFJB09CB,育賢段,25.74,都市：住,100000,439,持分移轉,02100000
RPPNMLSLQHJGFBB28CB,碧柳段,22.42,都市：住,100000,508,持分移轉,02150000
RPPNMLRLQHJGFIB88CB,溪南西段,25.44,非都市：特定農業區 ; 非都市編定：甲種建築用地,100000,1190,持分移轉,21470000
RPSNMLSLQHJGFBB58CB,東新段,11.04,都市：商,100000,490,持分移轉,00420000
RPPNMLQLQHJGFJB88CB,溪洲段,27.92,都市：住,10000,86,持分移轉,05130000
RPSNMLRLQHJGFHB09CB,弘富段,22.74,都市：住,100000,753,持分移轉,02930000
RPRNMLSLQHJGFCB58CB,惠禮段,17.11,都市：住,100000,643,持分移轉,02100000
RPRNMLSLQHJGFCB58CB,惠禮段,6.44,都市：住,100000,643,持分移轉,02110000
RPTNMLSLQHJGFCB78CB,惠禮段,18.84,都市：住,100000,708,持分移轉,02100000
RPTNMLSLQHJGFCB78CB,惠禮段,7.09,都市：住,100000,708,持分移轉,02110000
RPXNMLSLQHJGFBB09CB,仁平段,36.36,都市：住,100000,552,持分移轉,01150000
RPTNMLSLQHJGFBB68CB,仁平段,45.84,都市：住,100000,696,持分移轉,01150000
RPPOMLSLQHJGFCB48CB,埔興段,12.04,都市：住,10000,545,持分移轉,06690003
RPPOMLSLQHJGFCB48CB,埔興段,15.81,都市：住,10000,545,持分移轉,06700003
RPPNMLSLQHJGFEB58CB,新三塊厝段,72.78,非都市：特定農業區 ; 非都市編定：甲種建築用地,1,1,全筆移轉,04040008
RPUNMLSLQHJGFCB88CB,惠禮段,17.11,都市：住,100000,643,持分移轉,02100000
RPUNMLSLQHJGFCB88CB,惠禮段,6.44,都市：住,100000,643,持分移轉,02110000
RPSNMLSLQHJGFFB98CB,市鎮北段,15.55,都市：商,10000,52,持分移轉,01280000
RPQOMLSLQHJGFFB88CB,市鎮南段,2.92,都市：商,100000,125,持分移轉,01200000
RPQOMLSLQHJGFFB88CB,市鎮南段,5.53,都市：商,100000,125,持分移轉,01210000
RPQOMLSLQHJGFFB88CB,市鎮南段,4.39,都市：商,100000,125,持分移轉,01220000
RPUNMLSLQHJGFFB56CB,市鎮北段,15.55,都市：商,10000,52,持分移轉,01280000
RPWNMLSLQHJGFGB86CB,新廣興段,28.97,都市：住,10000,359,持分移轉,03440000
RPQOMLSLQHJGFGB98CB,新廣興段,26.14,都市：住,10000,324,持分移轉,03440000
RPWNMLSLQHJGFGB86CB,新廣興段,.82,都市：住,10000,359,持分移轉,03450000
RPQOMLSLQHJGFGB98CB,新廣興段,.74,都市：住,10000,324,持分移轉,03450000
RPWNMLSLQHJGFGB86CB,新廣興段,.37,都市：住,10000,359,持分移轉,03460000
RPQOMLSLQHJGFGB98CB,新廣興段,.33,都市：住,10000,324,持分移轉,03460000
RPWNMLSLQHJGFGB86CB,新廣興段,6.74,都市：住,10000,359,持分移轉,03520000
RPQOMLSLQHJGFGB98CB,新廣興段,6.08,都市：住,10000,324,持分移轉,03520000
RPWNMLSLQHJGFGB86CB,新廣興段,.38,都市：住,10000,359,持分移轉,06680002
RPQOMLSLQHJGFGB98CB,新廣興段,.34,都市：住,10000,324,持分移轉,06680002
RPWNMLSLQHJGFGB86CB,新廣興段,.40,都市：住,10000,359,持分移轉,07070000
RPQOMLSLQHJGFGB98CB,新廣興段,.36,都市：住,10000,324,持分移轉,07070000
RPROMLTLQHJGFBB68CB,太順段,26.08,都市：住,10000,146,持分移轉,00140000
RPPNMLSLQHJGFBB38DB,景福段,3.48,都市：商,100000,164,持分移轉,01160000
RPPNMLSLQHJGFBB38DB,景福段,4.43,都市：商,100000,164,持分移轉,01170000
RPPNMLSLQHJGFBB38DB,景福段,4.17,都市：商,100000,164,持分移轉,01180000
RPPNMLSLQHJGFBB38DB,景福段,3.69,都市：商,100000,164,持分移轉,01190000
RPPNMLSLQHJGFBB38DB,景福段,3.81,都市：商,100000,164,持分移轉,01200000
RPPNMLSLQHJGFBB38DB,景福段,3.28,都市：商,100000,164,持分移轉,01210000
RPPNMLSLQHJGFBB38DB,景福段,3.28,都市：商,100000,164,持分移轉,01220000
RPPNMLSLQHJGFBB38DB,景福段,4.02,都市：商,100000,164,持分移轉,01230000
RPPNMLSLQHJGFBB38DB,景福段,3.64,都市：商,100000,164,持分移轉,01240000
RPSOMLTLQHJGFBB78CB,太順段,26.08,都市：住,10000,146,持分移轉,00140000
RPVOMLTLQHJGFBB09CB,東光段,18.44,都市：住,10000,45,持分移轉,01220000
RPXNMLTLQHJGFCB66CB,惠民段,13.68,都市：其他:第六種新市政中心專用區,100000,341,持分移轉,00140000
RPOOMLTLQHJGFCB48CB,惠民段,11.47,都市：其他:第六種新市政中心專用區,100000,286,持分移轉,00140000
RPQNMLTLQHJGFFB88CB,梧棲段,15.96,都市：商,10000,48,持分移轉,28610000
RPTNMLTLQHJGFFB56CB,梧棲段,17.95,都市：商,10000,54,持分移轉,28610000
RPRNMLTLQHJGFFB98CB,梧棲段,17.95,都市：商,10000,54,持分移轉,28610000
RPXNMLTLQHJGFFB96CB,新站段,22.12,都市：住,10000,33,持分移轉,00660000
RPSNMLTLQHJGFFB09CB,梧棲段,17.95,都市：商,10000,54,持分移轉,28610000
RPPOMLTLQHJGFFB88CB,鹿峰東段,101.94,都市：住,1,1,全筆移轉,12170006
RPOOMLTLQHJGFFB78CB,新站段,15.42,都市：住,10000,23,持分移轉,00660000
RPSNMLTLQHJGFKB96CB,自強段,28.75,非都市：鄉村區 ; 非都市編定：乙種建築用地,100000,780,持分移轉,00500002
RPRNMLKMQHJGFBB77CB,東光段,18.44,都市：住,10000,45,持分移轉,01220000
RPQNMLKMQHJGFBB67CB,東光段,19.26,都市：住,10000,47,持分移轉,01220000
RPPNMLKMQHJGFCB67CB,福德段,23.72,都市：住,100000,856,持分移轉,01110000
RPQNMLKMQHJGFCB77CB,福德段,25.14,都市：住,100000,907,持分移轉,01110000
RPTNMLKMQHJGFBB97CB,東光段,16.39,都市：住,10000,40,持分移轉,01220000
RPSNMLKMQHJGFBB87CB,東光段,18.44,都市：住,10000,45,持分移轉,01220000
RPRNMLKMQHJGFDB97CB,翁明段,15.56,都市：商,100000,301,持分移轉,05390000
RPRNMLKMQHJGFDB97CB,翁明段,.01,都市：商,100000,301,持分移轉,06300000
RPRNMLKMQHJGFDB97CB,翁明段,.05,都市：商,100000,301,持分移轉,06310000
RPRNMLKMQHJGFDB97CB,翁明段,.17,都市：商,100000,301,持分移轉,06420000
RPRNMLKMQHJGFDB97CB,翁明段,.02,都市：商,100000,301,持分移轉,06420001
RPRNMLKMQHJGFDB97CB,豐原段,.01,都市：商,100000,301,持分移轉,00150010
RPRNMLKMQHJGFDB97CB,豐原段,.14,都市：商,100000,301,持分移轉,00150011
RPRNMLKMQHJGFDB97CB,豐原段,.26,都市：商,100000,301,持分移轉,00150013
RPRNMLKMQHJGFDB97CB,豐原段,.31,都市：商,100000,301,持分移轉,00150016
RPRNMLKMQHJGFDB97CB,豐原段,.04,都市：商,100000,301,持分移轉,00150017
RPRNMLKMQHJGFDB97CB,豐原段,.07,都市：商,100000,301,持分移轉,00160064
RPTNMLKMQHJGFDB18CB,翁明段,15.35,都市：商,100000,297,持分移轉,05390000
RPTNMLKMQHJGFDB18CB,翁明段,.01,都市：商,100000,297,持分移轉,06300000
RPTNMLKMQHJGFDB18CB,翁明段,.05,都市：商,100000,297,持分移轉,06310000
RPTNMLKMQHJGFDB18CB,翁明段,.17,都市：商,100000,297,持分移轉,06420000
RPTNMLKMQHJGFDB18CB,翁明段,.02,都市：商,100000,297,持分移轉,06420001
RPTNMLKMQHJGFDB18CB,豐原段,.01,都市：商,100000,297,持分移轉,00150010
RPTNMLKMQHJGFDB18CB,豐原段,.14,都市：商,100000,297,持分移轉,00150011
RPTNMLKMQHJGFDB18CB,豐原段,.25,都市：商,100000,297,持分移轉,00150013
RPTNMLKMQHJGFDB18CB,豐原段,.31,都市：商,100000,297,持分移轉,00150016
RPTNMLKMQHJGFDB18CB,豐原段,.04,都市：商,100000,297,持分移轉,00150017
RPTNMLKMQHJGFDB18CB,豐原段,.07,都市：商,100000,297,持分移轉,00160064
RPSNMLKMQHJGFFB28CB,梧棲段,15.92,都市：商,11520000,159200,持分移轉,29360007
RPSNMLKMQHJGFDB08CB,翁明段,15.56,都市：商,100000,301,持分移轉,05390000
RPSNMLKMQHJGFDB08CB,翁明段,.01,都市：商,100000,301,持分移轉,06300000
RPSNMLKMQHJGFDB08CB,翁明段,.05,都市：商,100000,301,持分移轉,06310000
RPRNMLKMQHJGFFB18CB,梧棲段,15.92,都市：商,11520000,159200,持分移轉,29360007
RPSNMLKMQHJGFDB08CB,翁明段,.17,都市：商,100000,301,持分移轉,06420000
RPSNMLKMQHJGFDB08CB,翁明段,.02,都市：商,100000,301,持分移轉,06420001
RPSNMLKMQHJGFDB08CB,豐原段,.01,都市：商,100000,301,持分移轉,00150010
RPSNMLKMQHJGFDB08CB,豐原段,.14,都市：商,100000,301,持分移轉,00150011
RPSNMLKMQHJGFDB08CB,豐原段,.26,都市：商,100000,301,持分移轉,00150013
RPSNMLKMQHJGFDB08CB,豐原段,.31,都市：商,100000,301,持分移轉,00150016
RPSNMLKMQHJGFDB08CB,豐原段,.04,都市：商,100000,301,持分移轉,00150017
RPSNMLKMQHJGFDB08CB,豐原段,.07,都市：商,100000,301,持分移轉,00160064
RPQNMLKMQHJGFIB38CB,溪南西段,21.19,非都市：特定農業區 ; 非都市編定：甲種建築用地,100000,991,持分移轉,21470000
RPRNMLKMQHJGFJB58CB,愛平段,30.98,都市：住,100000,1292,持分移轉,10500000
RPRNMLKMQHJGFJB58CB,福平段,2.12,都市：住,100000,1292,持分移轉,00090000
RPQNMLKMQHJGFJB48CB,壽平段,32.14,都市：住,100000,1094,持分移轉,05400000
RPPNMLLMQHJGFCB77CB,永春段,26.01,都市：住,100000,915,持分移轉,01050000
RPPNMLLMQHJGFCB77CB,永春段,1.53,都市：住,100000,51,持分移轉,01060004
RPQNMLLMQHJGFJB58CB,育賢段,23.30,都市：住,10000,80,持分移轉,02510000
RPRNMLLMQHJGFJB68CB,育賢段,23.88,都市：住,10000,82,持分移轉,02510000
RPSNMLLMQHJGFJB78CB,育賢段,16.60,都市：住,10000,57,持分移轉,02510000
RPVNMLLJRHJGFCB18CB,豐業段,24.28,都市：住,100000,981,持分移轉,01340000
RPWNMLLJRHJGFCB28CB,三富段,3.49,都市：住,100000,763,持分移轉,00410000
RPWNMLLJRHJGFCB28CB,三富段,4.45,都市：住,100000,763,持分移轉,00450000
RPWNMLLJRHJGFCB28CB,三富段,13.04,都市：住,100000,763,持分移轉,00460000
RPWNMLLJRHJGFCB28CB,三富段,20.18,都市：住,100000,763,持分移轉,00480000
RPWNMLLJRHJGFCB28CB,三富段,7.27,都市：住,100000,763,持分移轉,00490000
RPPNMLLJRHJGFIB18CB,健民段,20.45,非都市：鄉村區 ; 非都市編定：乙種建築用地,100000,322,持分移轉,07560000
RPQNMLMJRHJGFBB67CB,賴厝廍段,26.30,都市：住,100000,2667,持分移轉,01650000
RPSNMLMJRHJGFBB87CB,賴厝廍段,26.32,都市：住,100000,2669,持分移轉,01650000
RPXNMLLJRHJGFCB38CB,三富段,3.49,都市：住,100000,763,持分移轉,00410000
RPXNMLLJRHJGFCB38CB,三富段,4.45,都市：住,100000,763,持分移轉,00450000
RPXNMLLJRHJGFCB38CB,三富段,13.04,都市：住,100000,763,持分移轉,00460000
RPXNMLLJRHJGFCB38CB,三富段,20.18,都市：住,100000,763,持分移轉,00480000
RPXNMLLJRHJGFCB38CB,三富段,7.27,都市：住,100000,763,持分移轉,00490000
RPTNMLMJRHJGFBB97CB,美和段,52.39,都市：住,1,1,全筆移轉,02190013
RPTNMLMJRHJGFBB97CB,美和段,.07,都市：住,100000,1049,持分移轉,02190017
RPTNMLMJRHJGFBB97CB,美和段,4.23,都市：住,100000,14010,持分移轉,02190016
RPTNMLMJRHJGFBB97CB,美和段,32.31,都市：住,100000,13800,持分移轉,02190018
RPVNMLMJRHJGFBB18CB,洲際段,51.13,都市：住,100000,1077,持分移轉,03900000
RPWNMLMJRHJGFBB28CB,洲際段,39.40,都市：住,100000,830,持分移轉,03900000
RPXNMLMJRHJGFBB38CB,洲際段,39.07,都市：住,100000,823,持分移轉,03900000
RPTOMLMJRHJGFBB08CB,碧柳段,19.50,都市：住,100000,488,持分移轉,00810000
RPPOMLMJRHJGFBB67CB,文北段,12.18,都市：住,100000,949,持分移轉,00470000
RPPOMLMJRHJGFBB67CB,文北段,9.23,都市：住,100000,949,持分移轉,00480000
RPPOMLMJRHJGFBB67CB,文北段,7.07,都市：住,100000,949,持分移轉,00490000
RPUOMLMJRHJGFBB18CB,碧柳段,25.37,都市：住,100000,635,持分移轉,00810000
RPWOMLMJRHJGFBB38CB,碧柳段,19.50,都市：住,100000,488,持分移轉,00810000
RPVOMLMJRHJGFBB28CB,碧柳段,18.54,都市：住,100000,464,持分移轉,00810000
RPXOMLMJRHJGFBB48CB,碧柳段,24.89,都市：住,100000,623,持分移轉,00810000
RPUQMLMJRHJGFBB38CB,洲際段,53.47,都市：住,10000,186,持分移轉,06640000
RPTNMLMJRHJGFCB08CB,何厝段,7.44,都市：商,100000,135,持分移轉,00870000
RPWNMLMJRHJGFCB38CB,鎮福段,5.66,都市：住,100000,823,持分移轉,00260000
RPWNMLMJRHJGFCB38CB,鎮福段,2.28,都市：住,100000,823,持分移轉,00270000
RPWNMLMJRHJGFCB38CB,鎮福段,18.33,都市：住,100000,823,持分移轉,00350000
RPOOMLMJRHJGFCB67CB,鎮福段,7.58,都市：住,100000,1102,持分移轉,00260000
RPOOMLMJRHJGFCB67CB,鎮福段,3.05,都市：住,100000,1102,持分移轉,00270000
RPOOMLMJRHJGFCB67CB,鎮福段,24.55,都市：住,100000,1102,持分移轉,00350000
RPPNMLMJRHJGFDB77CB,育仁段,28.27,都市：住,100000,4091,持分移轉,04590000
RPSNMLMJRHJGFJB68CB,育賢段,21.27,都市：住,10000,20,持分移轉,01810000
RPQOMLMJRHJGFCB87CB,鎮福段,7.58,都市：住,100000,1102,持分移轉,00260000
RPQOMLMJRHJGFCB87CB,鎮福段,3.05,都市：住,100000,1102,持分移轉,00270000
RPQOMLMJRHJGFCB87CB,鎮福段,24.55,都市：住,100000,1102,持分移轉,00350000
RPUNMLMJRHJGFJB88CB,育賢段,12.76,都市：住,10000,12,持分移轉,01810000
RPWNMLMJRHJGFJB09CB,育賢段,19.14,都市：住,10000,18,持分移轉,01810000
RPPNMLMJRHJGFKB48CB,大東段,21.48,都市：住,100000,3963,持分移轉,08030000
RPPNMLMJRHJGFKB48CB,大東段,18.12,都市：住,100000,3963,持分移轉,08040000
RPQNMLNJRHJGFBB77CB,仁平段,22.58,都市：住,100000,661,持分移轉,05320000
RPQNMLNJRHJGFBB77CB,仁和段,21.89,都市：住,100000,661,持分移轉,17460000
RPTNMLNJRHJGFBB08CB,太原段,32.90,都市：住,10000,61,持分移轉,01280000
RPWNMLNJRHJGFBB38CB,溝背段,26.13,都市：住,100000,1009,持分移轉,00910000
RPPNMLNJRHJGFBB67CB,仁平段,24.87,都市：住,100000,728,持分移轉,05320000
RPPNMLNJRHJGFBB67CB,仁和段,24.11,都市：住,100000,728,持分移轉,17460000
RPSNMLNJRHJGFBB97CB,太原段,26.96,都市：住,10000,50,持分移轉,01280000
RPUOMLNJRHJGFBB28CB,長安段,39.27,都市：住,10000,607,持分移轉,02640000
RPPOMLNJRHJGFBB77CB,碧柳段,7.85,都市：商,100000,82,持分移轉,00020000
RPVOMLNJRHJGFBB38CB,碧柳段,22.46,都市：住,100000,509,持分移轉,02150000
RPXOMLNJRHJGFBB58CB,昌平段,20.05,都市：商,100000,610,持分移轉,02260000
RPOPMLNJRHJGFBB77CB,昌平段,18.05,都市：商,100000,549,持分移轉,02260000
RPVPMLNJRHJGFBB48CB,倡和段,17.34,都市：商,100000,856,持分移轉,01820000
RPRNMLNJRHJGFCB97CB,寶山段,18.85,都市：住,100000,172,持分移轉,10330000
RPQNMLNJRHJGFCB87CB,寶山段,16.44,都市：住,100000,150,持分移轉,10330000
RPQPMLNJRHJGFBB97CB,昌平段,20.12,都市：商,100000,612,持分移轉,02260000
RPRNMLNJRHJGFEB18CB,三崁段,31.65,非都市：特定農業區 ; 非都市編定：甲種建築用地,100000,2402,持分移轉,06640000
RPSNMLNJRHJGFEB28CB,三崁段,31.56,非都市：特定農業區 ; 非都市編定：甲種建築用地,100000,2395,持分移轉,06640000
RPSNMLNJRHJGFCB08CB,惠泰段,3.34,都市：住,100000,2049,持分移轉,02970000
RPSNMLNJRHJGFCB08CB,惠泰段,2.19,都市：住,100000,2049,持分移轉,02960000
RPSNMLNJRHJGFCB08CB,惠泰段,2.16,都市：住,100000,2049,持分移轉,02950000
RPSNMLNJRHJGFCB08CB,惠泰段,2.13,都市：住,100000,2049,持分移轉,02940000
RPSNMLNJRHJGFCB08CB,惠泰段,2.12,都市：住,100000,2049,持分移轉,02930000
RPSNMLNJRHJGFCB08CB,惠泰段,2.09,都市：住,100000,2049,持分移轉,02920000
RPSNMLNJRHJGFCB08CB,惠泰段,2.07,都市：住,100000,2049,持分移轉,02910000
RPSNMLNJRHJGFCB08CB,惠泰段,2.07,都市：住,100000,2049,持分移轉,02900000
RPSNMLNJRHJGFCB08CB,惠泰段,2.06,都市：住,100000,2049,持分移轉,02890000
RPSNMLNJRHJGFCB08CB,惠泰段,2.05,都市：住,100000,2049,持分移轉,02880001
RPSNMLNJRHJGFCB08CB,惠泰段,2.05,都市：住,100000,2049,持分移轉,02880000
RPSNMLNJRHJGFCB08CB,惠泰段,3.38,都市：住,100000,2049,持分移轉,02860000
RPSNMLNJRHJGFCB08CB,惠泰段,3.55,都市：住,100000,2049,持分移轉,02850000
RPRNMLOJRHJGFBB97CB,鑫新平段,12.89,都市：商,100000,427,持分移轉,00090000
RPRNMLOJRHJGFBB97CB,鑫新平段,15.97,都市：商,100000,427,持分移轉,00100000
RPPNMLNJRHJGFIB38CB,大孝段,22.45,都市：住,100000,1581,持分移轉,00630000
RPSNMLOJRHJGFBB08CB,鑫新平段,13.10,都市：商,100000,434,持分移轉,00090000
RPTNMLOJRHJGFBB18CB,賴厝廍段,23.53,都市：住,10000,212,持分移轉,00020002
RPSNMLOJRHJGFBB08CB,鑫新平段,16.23,都市：商,100000,434,持分移轉,00100000
RPQNMLOJRHJGFCB97CB,龍富段,53.70,都市：住,100000,1349,持分移轉,01070000
RPPNMLOJRHJGFDB97CB,光復段,41.47,都市：農,1,1,全筆移轉,01330002
RPPNMLOJRHJGFDB97CB,光復段,18.47,都市：農,10000,526,持分移轉,01330039
RPPNMLOJRHJGFDB97CB,光復段,.84,都市：農,10000,303,持分移轉,01330041
RPPNMLOJRHJGFDB97CB,光復段,6.04,都市：農,10000,303,持分移轉,01330042
RPSNMLOJRHJGFCB18CB,惠禮段,18.84,都市：住,100000,708,持分移轉,02100000
RPSNMLOJRHJGFCB18CB,惠禮段,7.09,都市：住,100000,708,持分移轉,02110000
RPTNMLPJRHJGFFB68CB,保寧段,22.61,都市：住,100000,699,持分移轉,05090000
RPQNMLQJRHJGFBB08CB,仁平段,36.68,都市：住,100000,1164,持分移轉,04480000
RPVNMLQJRHJGFFB98CB,市鎮南段,11.02,都市：商,10000,22,持分移轉,00740000
RPRNMLQJRHJGFBB18CB,仁平段,45.49,都市：住,100000,1572,持分移轉,03900000
RPPNMLQJRHJGFJB78CB,宜欣段,29.44,都市：商,10000,119,持分移轉,00040000
RPSNMLQJRHJGFJB09CB,宜欣段,16.33,都市：商,10000,66,持分移轉,00040000
RPTNMLQJRHJGFJB56CB,宜欣段,17.07,都市：商,10000,69,持分移轉,00040000
RPUNMLQJRHJGFHB09CB,弘富段,34.16,都市：住,100000,1131,持分移轉,02930000
RPUNMLQJRHJGFJB66CB,宜欣段,15.59,都市：商,10000,63,持分移轉,00040000
RPVNMLQJRHJGFJB76CB,宜欣段,11.88,都市：商,10000,48,持分移轉,00040000
RPWNMLQJRHJGFJB86CB,宜欣段,16.58,都市：商,10000,67,持分移轉,00040000
RPXNMLQJRHJGFJB96CB,宜欣段,15.83,都市：商,10000,64,持分移轉,00040000
RPPOMLQJRHJGFJB88CB,宜欣段,16.33,都市：商,10000,66,持分移轉,00040000
RPOOMLQJRHJGFJB78CB,宜欣段,16.58,都市：商,10000,67,持分移轉,00040000
RPROMLQJRHJGFJB09CB,宜欣段,16.58,都市：商,10000,67,持分移轉,00040000
RPSOMLQJRHJGFJB56CB,宜欣段,11.38,都市：商,10000,46,持分移轉,00040000
RPTOMLQJRHJGFJB66CB,宜欣段,16.33,都市：商,10000,66,持分移轉,00040000
RPQOMLQJRHJGFJB98CB,宜欣段,15.59,都市：商,10000,63,持分移轉,00040000
RPUOMLQJRHJGFJB76CB,宜欣段,16.58,都市：商,10000,67,持分移轉,00040000
RPVOMLQJRHJGFJB86CB,宜欣段,12.37,都市：商,10000,50,持分移轉,00040000
RPQQMLQJRHJGFJB56CB,東平段,77.01,都市：住,1,1,全筆移轉,01910011
RPTNMLRJRHJGFCB58CB,惠民段,6.57,都市：其他:第六種新市政中心專用區,100000,212,持分移轉,01140000
RPSNMLRJRHJGFBB38CB,敦和段,22.65,都市：住,100000,2208,持分移轉,00400000
RPOOMLRJRHJGFBB08CB,敦和段,44.50,都市：住,100000,2685,持分移轉,00850000
RPSNMLRJRHJGFCB48CB,惠民段,6.73,都市：其他:第六種新市政中心專用區,100000,217,持分移轉,01140000
RPUNMLRJRHJGFCB68CB,惠民段,9.58,都市：其他:第六種新市政中心專用區,100000,309,持分移轉,01140000
RPWNMLRJRHJGFCB88CB,惠民段,6.57,都市：其他:第六種新市政中心專用區,100000,212,持分移轉,01140000
RPVNMLRJRHJGFCB78CB,惠民段,6.57,都市：其他:第六種新市政中心專用區,100000,212,持分移轉,01140000
RPOOMLRJRHJGFCB18CB,惠民段,9.58,都市：其他:第六種新市政中心專用區,100000,309,持分移轉,01140000
RPXNMLRJRHJGFCB98CB,惠民段,9.58,都市：其他:第六種新市政中心專用區,100000,309,持分移轉,01140000
RPPOMLRJRHJGFCB28CB,惠民段,9.58,都市：其他:第六種新市政中心專用區,100000,309,持分移轉,01140000
RPSOMLRJRHJGFCB58CB,惠民段,9.58,都市：其他:第六種新市政中心專用區,100000,309,持分移轉,01140000
RPROMLRJRHJGFCB48CB,惠民段,6.73,都市：其他:第六種新市政中心專用區,100000,217,持分移轉,01140000
RPTOMLRJRHJGFCB68CB,惠民段,6.57,都市：其他:第六種新市政中心專用區,100000,212,持分移轉,01140000
RPQOMLRJRHJGFCB38CB,惠民段,6.57,都市：其他:第六種新市政中心專用區,100000,212,持分移轉,01140000
RPVOMLRJRHJGFCB88CB,惠民段,6.57,都市：其他:第六種新市政中心專用區,100000,212,持分移轉,01140000
RPPNMLRJRHJGFIB78CB,螺潭段,29.91,非都市：鄉村區 ; 非都市編定：乙種建築用地,100000,784,持分移轉,09030000
RPUOMLRJRHJGFCB78CB,惠民段,9.58,都市：其他:第六種新市政中心專用區,100000,309,持分移轉,01140000
RPQNMLRJRHJGFIB88CB,螺潭段,29.91,非都市：鄉村區 ; 非都市編定：乙種建築用地,100000,784,持分移轉,09030000
RPPNMLTJRHJGFBB28CB,賴厝廍段,23.53,都市：住,10000,212,持分移轉,00020002
RPRNMLSJRHJGFFB78CB,南簡段,12.71,都市：住,100000,460,持分移轉,04100002
RPRNMLSJRHJGFFB78CB,南簡段,9.50,都市：住,100000,460,持分移轉,04110001
RPRNMLSJRHJGFFB78CB,南簡段,2.24,都市：住,100000,460,持分移轉,04090002
RPPOMLTJRHJGFBB38CB,文北段,19.58,都市：住,100000,716,持分移轉,00380000
RPROMLTJRHJGFBB58CB,文北段,19.11,都市：住,100000,699,持分移轉,00380000
RPPOMLSJRHJGFFB68CB,南簡段,12.71,都市：住,100000,460,持分移轉,04100002
RPPOMLSJRHJGFFB68CB,南簡段,9.50,都市：住,100000,460,持分移轉,04110001
RPPOMLSJRHJGFFB68CB,南簡段,2.24,都市：住,100000,460,持分移轉,04090002
RPQNMLTJRHJGFCB48CB,永益段,48.57,都市：其他:第一之一種住宅區,100000,2718,持分移轉,02000000
RPQNMLTJRHJGFFB78CB,鹿寮東段,24.65,都市：住,100000,1011,持分移轉,03790000
RPSNMLTJRHJGFFB98CB,鹿寮東段,24.41,都市：住,100000,1001,持分移轉,03790000
RPRNMLTJRHJGFFB88CB,鹿寮東段,24.65,都市：住,100000,1011,持分移轉,03790000
RPOOMLTJRHJGFFB68CB,鹿寮東段,25.04,都市：住,100000,1027,持分移轉,03790000
RPPNMLTJRHJGFJB09CB,育賢段,21.85,都市：住,100000,1087,持分移轉,00090000
RPUNMLTJRHJGFFB56CB,鹿寮東段,21.31,都市：住,100000,874,持分移轉,03790000
RPUOMLTJRHJGFFB66CB,市鎮北段,15.55,都市：商,10000,52,持分移轉,01280000
RPTNMLTJRHJGFJB86CB,溪洲段,23.70,都市：住,10000,73,持分移轉,05130000
RPQNMLTJRHJGFJB56CB,育賢段,21.08,都市：住,100000,1049,持分移轉,00090000
RPUNMLTJRHJGFJB96CB,溪洲段,24.02,都市：住,10000,74,持分移轉,05130000
RPVNMLTJRHJGFJB07CB,溪洲段,24.02,都市：住,10000,74,持分移轉,05130000
RPQNMLTJRHJGFKB66CB,新庄段,22.94,非都市：鄉村區 ; 非都市編定：乙種建築用地,100000,1737,持分移轉,05420000
RPSNMLKKRHJGFBB77CB,東光段,17.21,都市：住,10000,42,持分移轉,01220000
RPUNMLKKRHJGFBB97CB,東光段,23.35,都市：住,10000,57,持分移轉,01220000
RPPNMLKKRHJGFEB77CB,甲東段,19.53,非都市：鄉村區 ; 非都市編定：乙種建築用地,729449,1953,持分移轉,06810000
RPQNMLKKRHJGFCB67CB,文商段,7.76,都市：商,100000,413,持分移轉,00190000
RPQNMLKKRHJGFCB67CB,文商段,7.75,都市：商,100000,413,持分移轉,00200000
RPSNMLTJRHJGFKB86CB,新庄段,24.32,非都市：鄉村區 ; 非都市編定：乙種建築用地,100000,1841,持分移轉,05420000
RPTNMLKKRHJGFBB87CB,東光段,17.21,都市：住,10000,42,持分移轉,01220000
RPQNMLKKRHJGFEB87CB,甲東段,19.53,非都市：鄉村區 ; 非都市編定：乙種建築用地,729449,1953,持分移轉,06810000
RPQNMLKKRHJGFFB97CB,鹿寮段,9.04,都市：住,100000,1039,持分移轉,10590000
RPQNMLKKRHJGFIB28CB,螺潭段,24.95,非都市：鄉村區 ; 非都市編定：乙種建築用地,100000,654,持分移轉,09030000
RPRNMLKKRHJGFIB38CB,螺潭段,23.84,非都市：鄉村區 ; 非都市編定：乙種建築用地,100000,625,持分移轉,09030000
RPTNMLKKRHJGFIB58CB,螺潭段,24.95,非都市：鄉村區 ; 非都市編定：乙種建築用地,100000,654,持分移轉,09030000
RPRNMLLKRHJGFBB77CB,東光段,17.21,都市：住,10000,42,持分移轉,01220000
RPPNMLLKRHJGFBB57CB,東光段,18.44,都市：住,10000,45,持分移轉,01220000
RPSNMLKKRHJGFIB48CB,螺潭段,24.95,非都市：鄉村區 ; 非都市編定：乙種建築用地,100000,654,持分移轉,09030000
RPUNMLKKRHJGFIB68CB,螺潭段,24.95,非都市：鄉村區 ; 非都市編定：乙種建築用地,100000,654,持分移轉,09030000
RPQNMLLKRHJGFBB67CB,東光段,16.39,都市：住,10000,40,持分移轉,01220000
RPSNMLLKRHJGFBB87CB,東光段,18.44,都市：住,10000,45,持分移轉,01220000
RPTNMLLKRHJGFBB97CB,東光段,26.22,都市：住,10000,64,持分移轉,01220000
RPUNMLLKRHJGFBB08CB,東光段,23.35,都市：住,10000,57,持分移轉,01220000
RPWNMLLKRHJGFBB28CB,東光段,17.21,都市：住,10000,42,持分移轉,01220000
RPOOMLLKRHJGFBB57CB,東光段,22.12,都市：住,10000,54,持分移轉,01220000
RPVNMLLKRHJGFBB18CB,東光段,18.44,都市：住,10000,45,持分移轉,01220000
RPXNMLLKRHJGFBB38CB,東光段,22.12,都市：住,10000,54,持分移轉,01220000
RPROMLLKRHJGFBB87CB,東光段,22.12,都市：住,10000,54,持分移轉,01220000
RPPOMLLKRHJGFBB67CB,東光段,16.39,都市：住,10000,40,持分移轉,01220000
RPQOMLLKRHJGFBB77CB,東光段,17.21,都市：住,10000,42,持分移轉,01220000
RPPNMLLKRHJGFFB97CB,鹿寮東段,21.11,都市：住,100000,866,持分移轉,03790000
RPPNMLMKRHJGFBB67CB,洲際段,33.39,都市：住,10000,67,持分移轉,00230000
RPQNMLMKRHJGFBB77CB,洲際段,33.39,都市：住,10000,67,持分移轉,00230000
RPXNMLMKRHJGFBB48CB,洲際段,33.39,都市：住,10000,67,持分移轉,00230000
RPRNMLMKRHJGFBB87CB,洲際段,33.39,都市：住,10000,67,持分移轉,00230000
RPUNMLMKRHJGFBB18CB,洲際段,33.39,都市：住,10000,67,持分移轉,00230000
RPTNMLMKRHJGFBB08CB,洲際段,26.41,都市：住,10000,53,持分移轉,00230000
RPVNMLMKRHJGFBB28CB,洲際段,25.41,都市：住,10000,51,持分移轉,00230000
RPOPMLLKRHJGFBB67CB,乾溝子段,.94,都市：商,100000,348,持分移轉,00790000
RPOPMLLKRHJGFBB67CB,乾溝子段,.58,都市：商,100000,348,持分移轉,00790002
RPOPMLLKRHJGFBB67CB,乾溝子段,.47,都市：商,100000,348,持分移轉,00790003
RPOPMLLKRHJGFBB67CB,乾溝子段,.51,都市：商,100000,348,持分移轉,00790004
RPOPMLLKRHJGFBB67CB,乾溝子段,1.96,都市：商,100000,348,持分移轉,00790006
RPOPMLLKRHJGFBB67CB,乾溝子段,.15,都市：商,100000,348,持分移轉,00790007
RPOPMLLKRHJGFBB67CB,乾溝子段,.09,都市：商,100000,348,持分移轉,00790008
RPOPMLLKRHJGFBB67CB,乾溝子段,.07,都市：商,100000,348,持分移轉,00790009
RPOPMLLKRHJGFBB67CB,乾溝子段,1.16,都市：商,100000,348,持分移轉,00800000
RPOPMLLKRHJGFBB67CB,乾溝子段,.01,都市：商,100000,348,持分移轉,00800003
RPOPMLLKRHJGFBB67CB,乾溝子段,.72,都市：商,100000,348,持分移轉,00800009
RPOPMLLKRHJGFBB67CB,乾溝子段,1.75,都市：商,100000,348,持分移轉,00820002
RPOPMLLKRHJGFBB67CB,乾溝子段,.16,都市：商,100000,348,持分移轉,00820008
RPOPMLLKRHJGFBB67CB,乾溝子段,.37,都市：商,100000,348,持分移轉,00820010
RPOPMLLKRHJGFBB67CB,乾溝子段,.06,都市：商,100000,348,持分移轉,00820016
RPOPMLLKRHJGFBB67CB,乾溝子段,.10,都市：商,100000,348,持分移轉,00820256
RPOPMLLKRHJGFBB67CB,乾溝子段,.04,都市：商,100000,348,持分移轉,00820257
RPOPMLLKRHJGFBB67CB,乾溝子段,.12,都市：商,100000,348,持分移轉,00820258
RPOPMLLKRHJGFBB67CB,乾溝子段,.06,都市：商,100000,348,持分移轉,00820259
RPOPMLLKRHJGFBB67CB,乾溝子段,.05,都市：商,100000,348,持分移轉,00820260
RPOPMLLKRHJGFBB67CB,乾溝子段,.06,都市：商,100000,348,持分移轉,00820261
RPOPMLLKRHJGFBB67CB,乾溝子段,.21,都市：商,100000,348,持分移轉,00820264
RPOPMLLKRHJGFBB67CB,乾溝子段,.58,都市：商,100000,348,持分移轉,00830004
RPOPMLLKRHJGFBB67CB,乾溝子段,.03,都市：商,100000,348,持分移轉,00830006
RPOPMLLKRHJGFBB67CB,乾溝子段,.24,都市：商,100000,348,持分移轉,00830113
RPOPMLLKRHJGFBB67CB,乾溝子段,.11,都市：商,100000,348,持分移轉,00830249
RPOPMLLKRHJGFBB67CB,乾溝子段,.05,都市：商,100000,348,持分移轉,00830258
RPOPMLLKRHJGFBB67CB,乾溝子段,.02,都市：商,100000,348,持分移轉,00830259
RPOPMLLKRHJGFBB67CB,乾溝子段,.17,都市：商,100000,348,持分移轉,00830262
RPOPMLLKRHJGFBB67CB,乾溝子段,.18,都市：商,100000,348,持分移轉,00830263
RPOPMLLKRHJGFBB67CB,乾溝子段,.01,都市：商,100000,348,持分移轉,00830264
RPOOMLMKRHJGFBB67CB,洲際段,33.39,都市：住,10000,67,持分移轉,00230000
RPSOMLMKRHJGFBB08CB,洲際段,26.41,都市：住,10000,53,持分移轉,00230000
RPPOMLMKRHJGFBB77CB,洲際段,33.39,都市：住,10000,67,持分移轉,00230000
RPTOMLMKRHJGFBB18CB,洲際段,33.39,都市：住,10000,67,持分移轉,00230000
RPVOMLMKRHJGFBB38CB,洲際段,26.41,都市：住,10000,53,持分移轉,00230000
RPPPMLMKRHJGFBB87CB,洲際段,25.91,都市：住,10000,52,持分移轉,00230000
RPQPMLMKRHJGFBB97CB,洲際段,25.91,都市：住,10000,52,持分移轉,00230000
RPTPMLMKRHJGFBB28CB,東新段,11.04,都市：商,100000,490,持分移轉,00420000
RPQRMLMKRHJGFBB18CB,洲際段,33.39,都市：住,10000,67,持分移轉,00230000
RPQOMLMKRHJGFBB87CB,洲際段,33.39,都市：住,10000,67,持分移轉,00230000
RPWOMLMKRHJGFBB48CB,洲際段,33.39,都市：住,10000,67,持分移轉,00230000
RPUOMLMKRHJGFBB28CB,洲際段,25.41,都市：住,10000,51,持分移轉,00230000
RPSPMLMKRHJGFBB18CB,洲際段,25.91,都市：住,10000,52,持分移轉,00230000
RPRPMLMKRHJGFBB08CB,洲際段,25.91,都市：住,10000,52,持分移轉,00230000
RPTRMLMKRHJGFBB48CB,洲際段,33.39,都市：住,10000,67,持分移轉,00230000
RPRRMLMKRHJGFBB28CB,洲際段,25.41,都市：住,10000,51,持分移轉,00230000
RPSRMLMKRHJGFBB38CB,洲際段,26.41,都市：住,10000,53,持分移轉,00230000
RPURMLMKRHJGFBB58CB,洲際段,26.41,都市：住,10000,53,持分移轉,00230000
RPQOMLMKRHJGFCB97CB,鑫港尾段,46.43,都市：住,100000,433,持分移轉,00950000
RPPOMLMKRHJGFCB87CB,鑫港尾段,48.46,都市：住,100000,452,持分移轉,00950000
RPPNMLMKRHJGFCB77CB,文商段,19.30,都市：商,100000,585,持分移轉,00220000
RPRNMLMKRHJGFDB08CB,林厝段,34.78,都市：住,100000,3033,持分移轉,02670000
RPPOMLNKRHJGFCB97CB,協成段,61.44,都市：農,1,1,全筆移轉,02450006
RPPOMLNKRHJGFCB97CB,協成段,16.58,都市：農,15,1,持分移轉,02450016
RPOOMLNKRHJGFCB87CB,協成段,55.67,都市：農,1,1,全筆移轉,02450007
RPOOMLNKRHJGFCB87CB,協成段,16.58,都市：農,15,1,持分移轉,02450016
RPOOMLNKRHJGFCB87CB,協成段,21.21,都市：農,15,1,持分移轉,02410004
RPPOMLNKRHJGFCB97CB,協成段,21.21,都市：農,15,1,持分移轉,02410004
RPPNMLOKRHJGFBB87CB,仁平段,27.33,都市：住,100000,415,持分移轉,01150000
RPQOMLNKRHJGFCB08CB,協成段,96.20,都市：農,1,1,全筆移轉,02450000
RPQOMLNKRHJGFCB08CB,協成段,16.58,都市：農,15,1,持分移轉,02450016
RPQOMLNKRHJGFCB08CB,協成段,21.21,都市：農,15,1,持分移轉,02410004
RPUNMLQKRHJGFCB68CB,寶山段,16.98,都市：住,100000,155,持分移轉,10330000
RPPNMLQKRHJGFBB08CB,太原段,33.44,都市：住,10000,62,持分移轉,01280000
RPQNMLOKRHJGFBB97CB,仁平段,36.36,都市：住,100000,552,持分移轉,01150000
RPQNMLOKRHJGFGB48CB,新廣興段,29.74,都市：住,10000,369,持分移轉,03440000
RPQNMLOKRHJGFGB48CB,新廣興段,.85,都市：住,10000,369,持分移轉,03450000
RPQNMLOKRHJGFGB48CB,新廣興段,.38,都市：住,10000,369,持分移轉,03460000
RPQNMLOKRHJGFGB48CB,新廣興段,6.93,都市：住,10000,369,持分移轉,03520000
RPQNMLOKRHJGFGB48CB,新廣興段,.39,都市：住,10000,369,持分移轉,06680002
RPQNMLOKRHJGFGB48CB,新廣興段,.41,都市：住,10000,369,持分移轉,07070000
RPPNMLQKRHJGFEB38CB,甲東段,16.43,非都市：鄉村區 ; 非都市編定：乙種建築用地,729449,1643,持分移轉,06810000
RPPNMLSKRHJGFGB78CB,新廣興段,29.74,都市：住,10000,369,持分移轉,03440000
RPPNMLSKRHJGFGB78CB,新廣興段,.85,都市：住,10000,369,持分移轉,03450000
RPPNMLSKRHJGFGB78CB,新廣興段,.38,都市：住,10000,369,持分移轉,03460000
RPPNMLSKRHJGFGB78CB,新廣興段,6.93,都市：住,10000,369,持分移轉,03520000
RPPNMLSKRHJGFGB78CB,新廣興段,.39,都市：住,10000,369,持分移轉,06680002
RPPNMLSKRHJGFGB78CB,新廣興段,.41,都市：住,10000,369,持分移轉,07070000
RPRNMLQKRHJGFFB68CB,正義段,37.44,都市：住,100000,1038,持分移轉,12400000
RPSNMLPKQHJGFBB18CB,景福段,3.06,都市：商,100000,144,持分移轉,01160000
RPSNMLPKQHJGFBB18CB,景福段,3.89,都市：商,100000,144,持分移轉,01170000
RPSNMLPKQHJGFBB18CB,景福段,3.66,都市：商,100000,144,持分移轉,01180000
RPSNMLPKQHJGFBB18CB,景福段,3.24,都市：商,100000,144,持分移轉,01190000
RPSNMLPKQHJGFBB18CB,景福段,3.34,都市：商,100000,144,持分移轉,01200000
RPSNMLPKQHJGFBB18CB,景福段,2.88,都市：商,100000,144,持分移轉,01210000
RPSNMLPKQHJGFBB18CB,景福段,2.88,都市：商,100000,144,持分移轉,01220000
RPSNMLPKQHJGFBB18CB,景福段,3.53,都市：商,100000,144,持分移轉,01230000
RPSNMLPKQHJGFBB18CB,景福段,3.20,都市：商,100000,144,持分移轉,01240000
